name,username,email,identifier
Alice Martin,@alice_martin,alice.martin@email.com,alice_martin
Benjamin Dubois,@ben_dubois,benjamin.dubois@email.com,ben_dubois
Charlotte Bernard,@charlotte_b,charlotte.bernard@email.com,charlotte_b
David Lefebvre,@david_lef,david.lefebvre@email.com,david_lef
Emma Moreau,@emma_moreau,emma.moreau@email.com,emma_moreau
François Laurent,@francois_l,francois.laurent@email.com,francois_l
Gabrielle Petit,@gab_petit,gabrielle.petit@email.com,gab_petit
Hugo Roux,@hugo_roux,hugo.roux@email.com,hugo_roux
Isabelle Simon,@isa_simon,isabelle.simon@email.com,isa_simon
Julien Michel,@julien_m,julien.michel@email.com,julien_m
Karim Leroy,@karim_leroy,karim.leroy@email.com,karim_leroy
Léa Garcia,@lea_garcia,lea.garcia@email.com,lea_garcia
Maxime Dupont,@max_dupont,maxime.dupont@email.com,max_dupont
Nina Thomas,@nina_thomas,nina.thomas@email.com,nina_thomas
Olivier Robert,@oli_robert,olivier.robert@email.com,oli_robert
Pauline Richard,@pauline_r,pauline.richard@email.com,pauline_r
Quentin Durand,@quentin_d,quentin.durand@email.com,quentin_d
Rachel Bonnet,@rachel_b,rachel.bonnet@email.com,rachel_b
Sébastien Blanc,@seb_blanc,sebastien.blanc@email.com,seb_blanc
Théo Girard,@theo_girard,theo.girard@email.com,theo_girard
Ulysse Faure,@ulysse_f,ulysse.faure@email.com,ulysse_f
Valentine Mercier,@val_mercier,valentine.mercier@email.com,val_mercier
William Fournier,@will_four,william.fournier@email.com,will_four
Yasmine Chevalier,@yasmine_c,yasmine.chevalier@email.com,yasmine_c
Zoé Fontaine,@zoe_font,zoe.fontaine@email.com,zoe_font
Antoine Morel,@antoine_m,antoine.morel@email.com,antoine_m
Camille Rousseau,@camille_r,camille.rousseau@email.com,camille_r
Dylan Lemaire,@dylan_lem,dylan.lemaire@email.com,dylan_lem
Elodie Picard,@elodie_p,elodie.picard@email.com,elodie_p
Florian Andre,@florian_a,florian.andre@email.com,florian_a
